-- Waste Management System - 10 Table Schema Based on ER Diagram

-- ===== ENTITY TABLES (10 Total) =====

-- 1. Bins table
CREATE TABLE Bins (
    Bin_ID VARCHAR(10) PRIMARY KEY,
    Status VARCHAR(20) DEFAULT 'active',
    Fill_Level INT DEFAULT 0,
    Sensor BOOLEAN DEFAULT TRUE,
    Location VARCHAR(255),
    Type VARCHAR(50)
);

-- 2. Area table
CREATE TABLE Area (
    Area_ID VARCHAR(10) PRIMARY KEY,
    Area_Name VARCHAR(100) NOT NULL,
    Area_Code VARCHAR(20) UNIQUE NOT NULL,
    Population INT,
    Supervisor VARCHAR(100),
    Description TEXT
);

-- 3. Citizen table
CREATE TABLE Citizen (
    Citizen_ID INT PRIMARY KEY AUTO_INCREMENT,
    Name VARCHAR(100) NOT NULL,
    Address VARCHAR(255),
    Contact_Info VARCHAR(100),
    DOB DATE,
    Gender VARCHAR(10),
    Registration_Date DATE DEFAULT (CURRENT_DATE)
);

-- 4. Bill table
CREATE TABLE Bill (
    Bill_ID INT PRIMARY KEY AUTO_INCREMENT,
    Status VARCHAR(20) DEFAULT 'unpaid',
    Due_Date DATE,
    Amount DECIMAL(10,2),
    Issue_Date DATE DEFAULT (CURRENT_DATE),
    Description TEXT
);

-- 5. Payment table
CREATE TABLE Payment (
    Payment_ID INT PRIMARY KEY AUTO_INCREMENT,
    Amount DECIMAL(10,2) NOT NULL,
    Method VARCHAR(50),
    Date DATETIME DEFAULT CURRENT_TIMESTAMP,
    Reference_Number VARCHAR(50),
    Notes TEXT
);

-- 6. Crew table
CREATE TABLE Crew (
    Crew_ID INT PRIMARY KEY AUTO_INCREMENT,
    Crew_Name VARCHAR(100) NOT NULL,
    Contact_Info VARCHAR(100),
    Size INT,
    Supervisor VARCHAR(100),
    Specialization VARCHAR(50)
);

-- 7. Recycling_Center table
CREATE TABLE Recycling_Center (
    Center_ID INT PRIMARY KEY AUTO_INCREMENT,
    Capacity INT,
    Location VARCHAR(255),
    Operating_Hours VARCHAR(100),
    Manager VARCHAR(100),
    Contact VARCHAR(100),
    Established_Date DATE
);

-- 8. Collection_Schedules table
CREATE TABLE Collection_Schedules (
    Schedule_ID INT PRIMARY KEY AUTO_INCREMENT,
    Schedule_Date DATE NOT NULL,
    Status VARCHAR(20) DEFAULT 'scheduled',
    Frequency VARCHAR(20),
    Assigned_Vehicle VARCHAR(50),
    Notes TEXT
);

-- 9. Waste table
CREATE TABLE Waste (
    Waste_ID INT PRIMARY KEY AUTO_INCREMENT,
    Name VARCHAR(100) NOT NULL,
    Category VARCHAR(50),
    Weight DECIMAL(10,2),
    Volume DECIMAL(10,2),
    Hazardous BOOLEAN DEFAULT FALSE,
    Description TEXT
);

-- 10. HAS_Schedule table (Junction/Relationship table for Area-Schedule-Crew ternary relationship)
CREATE TABLE HAS_Schedule (
    Area_ID VARCHAR(10) NOT NULL,
    Schedule_ID INT NOT NULL,
    Crew_ID INT NOT NULL,
    PRIMARY KEY (Area_ID, Schedule_ID, Crew_ID),
    FOREIGN KEY (Area_ID) REFERENCES Area(Area_ID) ON DELETE CASCADE,
    FOREIGN KEY (Schedule_ID) REFERENCES Collection_Schedules(Schedule_ID) ON DELETE CASCADE,
    FOREIGN KEY (Crew_ID) REFERENCES Crew(Crew_ID) ON DELETE CASCADE
);

-- ===== INSERT DUMMY DATA (BANGLADESH PERSPECTIVE - ENGLISH) =====

-- Insert Bins from Excel (135 rows)
INSERT INTO Bins (Bin_ID, Status, Fill_Level, Sensor, Location, Type) VALUES
('B-1001', 'Active', 65, TRUE, 'Area A-101', 'Mixed Waste'),
('B-1002', 'Active', 40, TRUE, 'Area A-102', 'Mixed Waste'),
('B-1003', 'Full', 95, TRUE, 'Area A-103', 'Mixed Waste'),
('B-1004', 'Active', 30, TRUE, 'Area A-104', 'Mixed Waste'),
('B-1005', 'Damaged', 0, FALSE, 'Area A-105', 'Mixed Waste'),
('B-1006', 'Active', 75, TRUE, 'Area A-106', 'Mixed Waste'),
('B-1007', 'Active', 20, TRUE, 'Area A-107', 'Mixed Waste'),
('B-1008', 'Active', 85, TRUE, 'Area A-108', 'Mixed Waste'),
('B-1009', 'Under Maintenance', 0, TRUE, 'Area A-109', 'Mixed Waste'),
('B-1010', 'Active', 50, TRUE, 'Area A-110', 'Mixed Waste'),
('B-1011', 'Active', 60, TRUE, 'Area A-111', 'Mixed Waste'),
('B-1012', 'Full', 98, TRUE, 'Area A-112', 'Mixed Waste'),
('B-1013', 'Active', 15, TRUE, 'Area A-113', 'Mixed Waste'),
('B-1014', 'Active', 45, TRUE, 'Area A-114', 'Mixed Waste'),
('B-1015', 'Active', 80, TRUE, 'Area A-115', 'Mixed Waste'),
('B-1016', 'Damaged', 0, FALSE, 'Area A-116', 'Mixed Waste'),
('B-1017', 'Active', 55, TRUE, 'Area A-117', 'Mixed Waste'),
('B-1018', 'Active', 25, TRUE, 'Area A-118', 'Mixed Waste'),
('B-1019', 'Active', 70, TRUE, 'Area A-119', 'Mixed Waste'),
('B-1020', 'Full', 92, TRUE, 'Area A-120', 'Mixed Waste'),
('B-1021', 'Active', 35, TRUE, 'Area A-121', 'Mixed Waste'),
('B-1022', 'Active', 68, TRUE, 'Area A-122', 'Mixed Waste'),
('B-1023', 'Active', 42, TRUE, 'Area A-123', 'Mixed Waste'),
('B-1024', 'Damaged', 0, FALSE, 'Area A-124', 'Mixed Waste'),
('B-1025', 'Active', 78, TRUE, 'Area A-125', 'Mixed Waste'),
('B-1026', 'Active', 10, TRUE, 'Area A-126', 'Mixed Waste'),
('B-1027', 'Full', 96, TRUE, 'Area A-127', 'Mixed Waste'),
('B-1028', 'Active', 62, TRUE, 'Area A-128', 'Mixed Waste'),
('B-1029', 'Active', 38, TRUE, 'Area A-129', 'Mixed Waste'),
('B-1030', 'Active', 88, TRUE, 'Area A-130', 'Mixed Waste'),
('B-1031', 'Under Maintenance', 0, TRUE, 'Area A-131', 'Mixed Waste'),
('B-1032', 'Active', 48, TRUE, 'Area A-132', 'Mixed Waste'),
('B-1033', 'Active', 22, TRUE, 'Area A-133', 'Mixed Waste'),
('B-1034', 'Full', 94, TRUE, 'Area A-134', 'Mixed Waste'),
('B-1035', 'Active', 72, TRUE, 'Area A-135', 'Mixed Waste'),
('B-1036', 'Active', 33, TRUE, 'Area A-136', 'Mixed Waste'),
('B-1037', 'Active', 58, TRUE, 'Area A-137', 'Mixed Waste'),
('B-1038', 'Damaged', 0, FALSE, 'Area A-138', 'Mixed Waste'),
('B-1039', 'Active', 82, TRUE, 'Area A-139', 'Mixed Waste'),
('B-1040', 'Active', 28, TRUE, 'Area A-140', 'Mixed Waste'),
('B-1041', 'Active', 66, TRUE, 'Area A-141', 'Mixed Waste'),
('B-1042', 'Full', 99, TRUE, 'Area A-142', 'Mixed Waste'),
('B-1043', 'Active', 18, TRUE, 'Area A-143', 'Mixed Waste'),
('B-1044', 'Active', 43, TRUE, 'Area A-144', 'Mixed Waste'),
('B-1045', 'Under Maintenance', 0, TRUE, 'Area A-145', 'Mixed Waste'),
('B-1046', 'Active', 77, TRUE, 'Area A-146', 'Mixed Waste'),
('B-1047', 'Active', 31, TRUE, 'Area A-147', 'Mixed Waste'),
('B-1048', 'Active', 89, TRUE, 'Area A-148', 'Mixed Waste'),
('B-1049', 'Damaged', 0, FALSE, 'Area A-149', 'Mixed Waste'),
('B-1050', 'Active', 53, TRUE, 'Area A-150', 'Mixed Waste'),
('B-1051', 'Active', 23, TRUE, 'Area A-151', 'Mixed Waste'),
('B-1052', 'Full', 91, TRUE, 'Area A-152', 'Mixed Waste'),
('B-1053', 'Active', 64, TRUE, 'Area A-153', 'Mixed Waste'),
('B-1054', 'Active', 39, TRUE, 'Area A-154', 'Mixed Waste'),
('B-1055', 'Active', 81, TRUE, 'Area A-155', 'Mixed Waste'),
('B-1056', 'Under Maintenance', 0, TRUE, 'Area A-156', 'Mixed Waste'),
('B-1057', 'Active', 46, TRUE, 'Area A-157', 'Mixed Waste'),
('B-1058', 'Active', 26, TRUE, 'Area A-158', 'Mixed Waste'),
('B-1059', 'Full', 97, TRUE, 'Area A-159', 'Mixed Waste'),
('B-1060', 'Damaged', 0, FALSE, 'Area A-160', 'Mixed Waste'),
('B-1061', 'Active', 51, TRUE, 'Area A-161', 'Mixed Waste'),
('B-1062', 'Active', 74, TRUE, 'Area A-162', 'Mixed Waste'),
('B-1063', 'Active', 13, TRUE, 'Area A-163', 'Mixed Waste'),
('B-1064', 'Active', 86, TRUE, 'Area A-164', 'Mixed Waste'),
('B-1065', 'Full', 100, TRUE, 'Area A-165', 'Mixed Waste'),
('B-1066', 'Active', 36, TRUE, 'Area A-166', 'Mixed Waste'),
('B-1067', 'Active', 69, TRUE, 'Area A-167', 'Mixed Waste'),
('B-1068', 'Damaged', 0, FALSE, 'Area A-168', 'Mixed Waste'),
('B-1069', 'Active', 49, TRUE, 'Area A-169', 'Mixed Waste'),
('B-1070', 'Active', 21, TRUE, 'Area A-170', 'Mixed Waste'),
('B-1071', 'Active', 71, TRUE, 'Area A-171', 'Mixed Waste'),
('B-1072', 'Full', 93, TRUE, 'Area A-172', 'Mixed Waste'),
('B-1073', 'Under Maintenance', 0, TRUE, 'Area A-173', 'Mixed Waste'),
('B-1074', 'Active', 56, TRUE, 'Area A-174', 'Mixed Waste'),
('B-1075', 'Active', 32, TRUE, 'Area A-175', 'Mixed Waste'),
('B-1076', 'Active', 84, TRUE, 'Area A-176', 'Mixed Waste'),
('B-1077', 'Damaged', 0, FALSE, 'Area A-177', 'Mixed Waste'),
('B-1078', 'Active', 41, TRUE, 'Area A-178', 'Mixed Waste'),
('B-1079', 'Active', 76, TRUE, 'Area A-179', 'Mixed Waste'),
('B-1080', 'Active', 29, TRUE, 'Area A-180', 'Mixed Waste'),
('B-1081', 'Full', 90, TRUE, 'Area A-181', 'Mixed Waste'),
('B-1082', 'Active', 61, TRUE, 'Area A-182', 'Mixed Waste'),
('B-1083', 'Active', 37, TRUE, 'Area A-183', 'Mixed Waste'),
('B-1084', 'Under Maintenance', 0, TRUE, 'Area A-184', 'Mixed Waste'),
('B-1085', 'Active', 83, TRUE, 'Area A-185', 'Mixed Waste'),
('B-1086', 'Damaged', 0, FALSE, 'Area A-186', 'Mixed Waste'),
('B-1087', 'Active', 47, TRUE, 'Area A-187', 'Mixed Waste'),
('B-1088', 'Active', 24, TRUE, 'Area A-188', 'Mixed Waste'),
('B-1089', 'Active', 79, TRUE, 'Area A-189', 'Mixed Waste'),
('B-1090', 'Full', 96, TRUE, 'Area A-190', 'Mixed Waste'),
('B-1091', 'Active', 52, TRUE, 'Area A-191', 'Mixed Waste'),
('B-1092', 'Active', 34, TRUE, 'Area A-192', 'Mixed Waste'),
('B-1093', 'Active', 67, TRUE, 'Area A-193', 'Mixed Waste'),
('B-1094', 'Damaged', 0, FALSE, 'Area A-194', 'Mixed Waste'),
('B-1095', 'Active', 44, TRUE, 'Area A-195', 'Mixed Waste'),
('B-1096', 'Active', 87, TRUE, 'Area A-196', 'Mixed Waste'),
('B-1097', 'Under Maintenance', 0, TRUE, 'Area A-197', 'Mixed Waste'),
('B-1098', 'Active', 59, TRUE, 'Area A-198', 'Mixed Waste'),
('B-1099', 'Full', 95, TRUE, 'Area A-199', 'Mixed Waste'),
('B-1100', 'Active', 27, TRUE, 'Area A-200', 'Mixed Waste'),
('B-1101', 'Active', 63, TRUE, 'Area A-201', 'Mixed Waste'),
('B-1102', 'Active', 19, TRUE, 'Area A-202', 'Mixed Waste'),
('B-1103', 'Damaged', 0, FALSE, 'Area A-203', 'Mixed Waste'),
('B-1104', 'Active', 73, TRUE, 'Area A-204', 'Mixed Waste'),
('B-1105', 'Active', 54, TRUE, 'Area A-205', 'Mixed Waste'),
('B-1106', 'Full', 98, TRUE, 'Area A-206', 'Mixed Waste'),
('B-1107', 'Active', 16, TRUE, 'Area A-207', 'Mixed Waste'),
('B-1108', 'Active', 80, TRUE, 'Area A-208', 'Mixed Waste'),
('B-1109', 'Under Maintenance', 0, TRUE, 'Area A-209', 'Mixed Waste'),
('B-1110', 'Active', 57, TRUE, 'Area A-210', 'Mixed Waste'),
('B-1111', 'Active', 40, TRUE, 'Area A-211', 'Mixed Waste'),
('B-1112', 'Damaged', 0, FALSE, 'Area A-212', 'Mixed Waste'),
('B-1113', 'Active', 65, TRUE, 'Area A-213', 'Mixed Waste'),
('B-1114', 'Full', 92, TRUE, 'Area A-214', 'Mixed Waste'),
('B-1115', 'Active', 30, TRUE, 'Area A-215', 'Mixed Waste'),
('B-1116', 'Active', 75, TRUE, 'Area A-216', 'Mixed Waste'),
('B-1117', 'Active', 20, TRUE, 'Area A-217', 'Mixed Waste'),
('B-1118', 'Under Maintenance', 0, TRUE, 'Area A-218', 'Mixed Waste'),
('B-1119', 'Active', 85, TRUE, 'Area A-219', 'Mixed Waste'),
('B-1120', 'Active', 50, TRUE, 'Area A-220', 'Mixed Waste'),
('B-1121', 'Damaged', 0, FALSE, 'Area A-221', 'Mixed Waste'),
('B-1122', 'Full', 94, TRUE, 'Area A-222', 'Mixed Waste'),
('B-1123', 'Active', 60, TRUE, 'Area A-223', 'Mixed Waste'),
('B-1124', 'Active', 12, TRUE, 'Area A-224', 'Mixed Waste'),
('B-1125', 'Active', 45, TRUE, 'Area A-225', 'Mixed Waste'),
('B-1126', 'Active', 80, TRUE, 'Area A-226', 'Mixed Waste'),
('B-1127', 'Under Maintenance', 0, TRUE, 'Area A-227', 'Mixed Waste'),
('B-1128', 'Active', 35, TRUE, 'Area A-228', 'Mixed Waste'),
('B-1129', 'Damaged', 0, FALSE, 'Area A-229', 'Mixed Waste'),
('B-1130', 'Active', 70, TRUE, 'Area A-230', 'Mixed Waste'),
('B-1131', 'Full', 96, TRUE, 'Area A-231', 'Mixed Waste'),
('B-1132', 'Active', 25, TRUE, 'Area A-232', 'Mixed Waste'),
('B-1133', 'Active', 68, TRUE, 'Area A-233', 'Mixed Waste'),
('B-1134', 'Active', 17, TRUE, 'Area A-234', 'Mixed Waste'),
('B-1135', 'Active', 82, TRUE, 'Area A-235', 'Mixed Waste');

-- Insert Areas from Excel (135 rows)
INSERT INTO Area (Area_ID, Area_Code, Area_Name) VALUES
('A-101', 'DNCC-01', 'Gulshan 1'),
('A-102', 'DNCC-02', 'Gulshan 2'),
('A-103', 'DNCC-03', 'Banani'),
('A-104', 'DNCC-04', 'Banani DOHS'),
('A-105', 'DNCC-05', 'Baridhara'),
('A-106', 'DNCC-06', 'Baridhara DOHS'),
('A-107', 'DNCC-07', 'Bashundhara R/A'),
('A-108', 'DNCC-08', 'Uttara (Sector 1-14)'),
('A-109', 'DNCC-09', 'Uttara Azampur'),
('A-110', 'DNCC-10', 'Uttarkhan'),
('A-111', 'DNCC-11', 'Dakshinkhan'),
('A-112', 'DNCC-12', 'Nikunja 1'),
('A-113', 'DNCC-13', 'Nikunja 2'),
('A-114', 'DNCC-14', 'Khilkhet'),
('A-115', 'DNCC-15', 'Kuril'),
('A-116', 'DNCC-16', 'Mohakhali'),
('A-117', 'DNCC-17', 'Mohakhali DOHS'),
('A-118', 'DNCC-18', 'Niketon'),
('A-119', 'DNCC-19', 'Tejgaon'),
('A-120', 'DNCC-20', 'Tejgaon Industrial Area'),
('A-121', 'DNCC-21', 'Farmgate'),
('A-122', 'DNCC-22', 'Mirpur 1'),
('A-123', 'DNCC-23', 'Mirpur 2'),
('A-124', 'DNCC-24', 'Mirpur 6'),
('A-125', 'DNCC-25', 'Mirpur 7'),
('A-126', 'DNCC-26', 'Mirpur 10'),
('A-127', 'DNCC-27', 'Mirpur 11'),
('A-128', 'DNCC-28', 'Mirpur 12'),
('A-129', 'DNCC-29', 'Mirpur 13'),
('A-130', 'DNCC-30', 'Mirpur 14'),
('A-131', 'DNCC-31', 'Mirpur DOHS'),
('A-132', 'DNCC-32', 'Pallabi'),
('A-133', 'DNCC-33', 'Rupnagar'),
('A-134', 'DNCC-34', 'Kafrul'),
('A-135', 'DNCC-35', 'Shawrapara'),
('A-136', 'DNCC-36', 'Kazipara'),
('A-137', 'DNCC-37', 'Ibrahimpur'),
('A-138', 'DNCC-38', 'Kochukhet'),
('A-139', 'DNCC-39', 'Dhaka Cantonment'),
('A-140', 'DNCC-40', 'Badda'),
('A-141', 'DNCC-41', 'Madhya Badda'),
('A-142', 'DNCC-42', 'Uttar Badda'),
('A-143', 'DNCC-43', 'Merul Badda'),
('A-144', 'DNCC-44', 'Rampura'),
('A-145', 'DNCC-45', 'Banasree'),
('A-146', 'DNCC-46', 'Aftabnagar'),
('A-147', 'DNCC-47', 'Mohammadpur'),
('A-148', 'DNCC-48', 'Adabor'),
('A-149', 'DNCC-49', 'Shyamoli'),
('A-150', 'DNCC-50', 'Agargaon'),
('A-151', 'DNCC-51', 'Taltola'),
('A-152', 'DNCC-52', 'Sher-e-Bangla Nagar'),
('A-153', 'DNCC-53', 'Paikpara'),
('A-154', 'DNCC-54', 'Gabtoli'),
('A-155', 'DNCC-55', 'Kallyanpur'),
('A-156', 'DNCC-56', 'Darus Salam'),
('A-157', 'DNCC-57', 'Bhashantek'),
('A-158', 'DNCC-58', 'Turag'),
('A-159', 'DNCC-59', 'Abdullahpur'),
('A-160', 'DNCC-60', 'Ashkona'),
('A-161', 'DNCC-61', 'Airport Area'),
('A-162', 'DNCC-62', 'Bhatara'),
('A-163', 'DNCC-63', 'Nayanagar'),
('A-164', 'DNCC-64', 'Satarkul'),
('A-165', 'DNCC-65', 'Beraid'),
('A-166', 'DNCC-66', 'Uttara West'),
('A-167', 'DNCC-67', 'Uttara East'),
('A-168', 'DNCC-68', 'Harirampur'),
('A-169', 'DNCC-69', 'Baunia'),
('A-170', 'DNCC-70', 'Joar Sahara'),
('A-171', 'DNCC-71', 'Kawla'),
('A-172', 'DNCC-72', 'Manipur'),
('A-173', 'DNCC-73', 'Pirerbag'),
('A-174', 'DNCC-74', 'Senpara Parbata'),
('A-175', 'DNCC-75', 'Karwan Bazar'),
('A-176', 'DNCC-76', 'Tejturi Bazar'),
('A-177', 'DNCC-77', 'Nakhalpara'),
('A-178', 'DNCC-78', 'Arjatpara'),
('A-179', 'DNCC-79', 'Shaheenbagh'),
('A-180', 'DNCC-80', 'Baridhara J Block'),
('A-181', 'DNCC-81', 'Kuratoli'),
('A-182', 'DNCC-82', 'Balughat'),
('A-183', 'DNCC-83', 'Matikata'),
('A-184', 'DNCC-84', 'Manikdi'),
('A-185', 'DNCC-85', 'Kalshi'),
('A-186', 'DNCC-86', 'Muslim Bazar'),
('A-187', 'DNCC-87', 'Diabari'),
('A-188', 'DNCC-88', 'Bijoy Sarani'),
('A-189', 'DNCC-89', 'Nabisco'),
('A-190', 'DNCC-90', 'Begunbari'),
('A-191', 'DNCC-91', 'Hatirjheel Area'),
('A-192', 'DNCC-92', 'Niketon Housing'),
('A-193', 'DNCC-93', 'Bosila'),
('A-194', 'DNCC-94', 'Chandrima Udyan'),
('A-195', 'DNCC-95', 'Asad Gate'),
('A-196', 'DNCC-96', 'College Gate'),
('A-197', 'DNCC-97', 'Town Hall'),
('A-198', 'DNCC-98', 'Ring Road'),
('A-199', 'DNCC-99', 'Shekhertek'),
('A-200', 'DNCC-100', 'Japan Garden City'),
('A-201', 'DSCC-01', 'Dhanmondi'),
('A-202', 'DSCC-02', 'Jigatola'),
('A-203', 'DSCC-03', 'Lalmatia'),
('A-204', 'DSCC-04', 'Kalabagan'),
('A-205', 'DSCC-05', 'Hatirpool'),
('A-206', 'DSCC-06', 'Elephant Road'),
('A-207', 'DSCC-07', 'New Market'),
('A-208', 'DSCC-08', 'Azimpur'),
('A-209', 'DSCC-09', 'Lalbagh'),
('A-210', 'DSCC-10', 'Chawkbazar'),
('A-211', 'DSCC-11', 'Islambag'),
('A-212', 'DSCC-12', 'Kamrangirchar'),
('A-213', 'DSCC-13', 'Hazaribagh'),
('A-214', 'DSCC-14', 'Rayer Bazar'),
('A-215', 'DSCC-15', 'Pilkhana'),
('A-216', 'DSCC-16', 'Shahbagh'),
('A-217', 'DSCC-17', 'Dhaka University Area'),
('A-218', 'DSCC-18', 'Paribagh'),
('A-219', 'DSCC-19', 'Banglamotor'),
('A-220', 'DSCC-20', 'Moghbazar'),
('A-221', 'DSCC-21', 'Malibagh'),
('A-222', 'DSCC-22', 'Shantinagar'),
('A-223', 'DSCC-23', 'Bailey Road'),
('A-224', 'DSCC-24', 'Kakrail'),
('A-225', 'DSCC-25', 'Ramna'),
('A-226', 'DSCC-26', 'Segunbagicha'),
('A-227', 'DSCC-27', 'Paltan'),
('A-228', 'DSCC-28', 'Motijheel'),
('A-229', 'DSCC-29', 'Dilkusha'),
('A-230', 'DSCC-30', 'Dainik Bangla Mor'),
('A-231', 'DSCC-31', 'Gulistan'),
('A-232', 'DSCC-32', 'Nawabpur'),
('A-233', 'DSCC-33', 'Bangshal'),
('A-234', 'DSCC-34', 'Sadarghat'),
('A-235', 'DSCC-35', 'Islampur');

-- Insert Citizens (10 rows)
INSERT INTO Citizen (Name, Address, Contact_Info, DOB, Gender) VALUES
('Muhammad Ali', 'Block-A, Bashundhara Residential Area, Dhaka', '+8801612345670', '1985-03-15', 'Male'),
('Nasma Akter', 'Apartment 5B, Gulshan Avenue, Dhaka', '+8801712345671', '1990-07-22', 'Female'),
('Rahim Saheb', 'Lake View House, Dhanmondi Lake Area, Dhaka', '+8801812345672', '1978-11-10', 'Male'),
('Halima Khatun', 'Shankhari Bazaar, Old Dhaka', '+8801912345673', '1988-05-05', 'Female'),
('Karim Hassan', 'Motijheel Commercial Building, Dhaka', '+8801012345674', '1982-09-18', 'Male'),
('Jainab Ali', 'Diplomatic Housing, Banani, Dhaka', '+8801112345675', '1992-01-30', 'Female'),
('Tanvir Rahman', 'Kawran Bazar Market Area, Dhaka', '+8801212345676', '1987-06-12', 'Male'),
('Fatma Begum', 'Uttara Housing Scheme, Sector-12, Dhaka', '+8801312345677', '1993-04-08', 'Female'),
('Nasir Uddin', 'Jatrabari Industrial Zone, Dhaka', '+8801412345678', '1980-12-25', 'Male'),
('Salma Khan', 'Tejgaon Warehouse District, Dhaka', '+8801512345679', '1986-08-14', 'Female');

-- Insert Bills (10 rows)
INSERT INTO Bill (Status, Due_Date, Amount, Issue_Date, Description) VALUES
('paid', '2025-11-30', 2500.00, '2025-11-01', 'Monthly waste collection fee'),
('unpaid', '2025-12-15', 3500.00, '2025-12-01', 'Recycling services fee'),
('overdue', '2025-10-20', 1800.00, '2025-10-01', 'Special waste disposal charge'),
('paid', '2025-11-25', 4000.00, '2025-11-15', 'Hazardous waste handling fee'),
('pending', '2025-12-10', 2200.00, '2025-11-20', 'Quarterly maintenance charge'),
('unpaid', '2025-12-05', 1500.00, '2025-11-15', 'General waste removal fee'),
('paid', '2025-11-28', 3200.00, '2025-11-08', 'Bin replacement and repair fee'),
('overdue', '2025-10-31', 2800.00, '2025-10-15', 'Organic waste collection fee'),
('paid', '2025-11-20', 5000.00, '2025-10-20', 'Annual commercial waste contract'),
('unpaid', '2025-12-20', 1950.00, '2025-12-01', 'Street cleaning service fee');

-- Insert Payments (10 rows)
INSERT INTO Payment (Amount, Method, Reference_Number, Date, Notes) VALUES
(2500.00, 'Bkash', 'BKH001', '2025-11-25 10:30:00', 'On time payment received'),
(3500.00, 'Bank Transfer', 'BTR002', '2025-11-28 14:15:00', 'Partial payment processed'),
(1800.00, 'Cash', 'CSH003', '2025-10-22 16:45:00', 'Late fee applied and paid'),
(4000.00, 'Nagad', 'NGD004', '2025-11-20 09:00:00', 'Auto payment processed'),
(2200.00, 'Bkash', 'BKH005', '2025-11-30 11:20:00', 'Quarterly payment received'),
(1500.00, 'Cash', 'CSH006', '2025-11-25 15:45:00', 'General waste fee collected'),
(3200.00, 'Bank Transfer', 'BTR007', '2025-11-22 08:30:00', 'Bin maintenance payment'),
(2800.00, 'Nagad', 'NGD008', '2025-11-18 13:10:00', 'Organic waste service paid'),
(5000.00, 'Check', 'CHK009', '2025-11-15 10:00:00', 'Annual contract payment received'),
(1950.00, 'Bkash', 'BKH010', '2025-12-01 09:45:00', 'Street cleaning service paid');

-- Insert Crews (10 rows)
INSERT INTO Crew (Crew_Name, Contact_Info, Size, Supervisor, Specialization) VALUES
('Alpha Team', 'alpha@crew.bd', 5, 'Karim Supervisor', 'General waste collection'),
('Beta Squad', 'beta@crew.bd', 4, 'Jamila Supervisoress', 'Recycling collection and sorting'),
('Gamma Group', 'gamma@crew.bd', 6, 'Hasan Ahmed', 'Hazardous waste handling'),
('Delta Unit', 'delta@crew.bd', 3, 'Sayma Hossain', 'Maintenance and repairs'),
('Echo Force', 'echo@crew.bd', 7, 'Mahmud Khan', 'Street cleaning and sweeping'),
('Foxtrot Team', 'foxtrot@crew.bd', 5, 'Nasira Begum', 'Organic waste composting'),
('Golf Squad', 'golf@crew.bd', 4, 'Rashid Miah', 'Bin relocation and installation'),
('Hotel Crew', 'hotel@crew.bd', 6, 'Amina Akter', 'Commercial area waste management'),
('India Team', 'india@crew.bd', 5, 'Noor Alam', 'Industrial waste handling'),
('Juliet Unit', 'juliet@crew.bd', 3, 'Sophia Khan', 'Recycling center operations');

-- Insert Recycling Centers (10 rows)
INSERT INTO Recycling_Center (Capacity, Location, Operating_Hours, Manager, Contact, Established_Date) VALUES
(5000, 'Gazipur Recycling Hub, Dhaka', '8:00 AM - 6:00 PM', 'Dr. Mohammad Haque', 'gazpur@recycle.bd', '2018-01-15'),
(3500, 'Savar Eco Center, Dhaka', '7:00 AM - 7:00 PM', 'Mariam Begum', 'savar@recycle.bd', '2019-06-20'),
(6000, 'Tongi Plastic Recycling, Narayanganj', '8:00 AM - 8:00 PM', 'Engineer Abdul Latif', 'tonggi@recycle.bd', '2020-03-10'),
(2500, 'Narsingdi E-waste Hub', '9:00 AM - 5:00 PM', 'Dr. Farhana Khan', 'narayanganj@recycle.bd', '2022-11-05'),
(4200, 'Tejgaon Metals Recycling', '7:30 AM - 5:30 PM', 'Mustafa Karim', 'tejgaon@recycle.bd', '2017-08-22'),
(3800, 'Jatrabari Composting Facility', '6:00 AM - 4:00 PM', 'Runa Das', 'jatrabari@recycle.bd', '2019-03-30'),
(5500, 'Mirpur Waste Processing Plant', '8:00 AM - 6:00 PM', 'Shafiq Ahmed', 'mirpur@recycle.bd', '2021-05-12'),
(2800, 'Kawran Bazar Sorting Center', '8:00 AM - 7:00 PM', 'Nadia Sultana', 'kawran@recycle.bd', '2020-09-18'),
(4100, 'Gulshan Green Initiative Center', '8:00 AM - 6:00 PM', 'Dr. Habib Rahman', 'gulshan@recycle.bd', '2019-11-14'),
(3300, 'Dhanmondi Environmental Center', '9:00 AM - 5:00 PM', 'Professor Aziz Hassan', 'dhanmondi@recycle.bd', '2021-02-08');

-- Insert Collection Schedules (10 rows)
INSERT INTO Collection_Schedules (Schedule_Date, Status, Frequency, Assigned_Vehicle, Notes) VALUES
('2025-11-27', 'completed', 'weekly', 'Truck-01', 'Gulshan and Banani route collection'),
('2025-11-28', 'scheduled', 'daily', 'Truck-02', 'Dhanmondi residential area collection'),
('2025-11-29', 'in_progress', 'bi-weekly', 'Truck-03', 'Old Dhaka textile area sweep'),
('2025-11-30', 'scheduled', 'monthly', 'Truck-04', 'Mirpur deep cleaning operation'),
('2025-12-01', 'completed', 'daily', 'Truck-05', 'Motijheel commercial district pickup'),
('2025-12-02', 'scheduled', 'weekly', 'Truck-06', 'Kawran Bazar wholesale market area'),
('2025-12-03', 'in_progress', 'daily', 'Truck-07', 'Uttara housing scheme collection'),
('2025-12-04', 'scheduled', 'bi-weekly', 'Truck-08', 'Jatrabari industrial zone pickup'),
('2025-12-05', 'pending', 'weekly', 'Truck-09', 'Tejgaon warehouse district sweep'),
('2025-12-06', 'scheduled', 'monthly', 'Truck-10', 'Full city general maintenance route');

-- Insert Waste types (10 rows)
INSERT INTO Waste (Name, Category, Weight, Volume, Hazardous, Description) VALUES
('Plastic Bottles', 'Recyclables', 15.5, 25.0, FALSE, 'Single-use plastic bottles and containers from households'),
('Electronic Waste', 'Hazardous', 8.0, 5.0, TRUE, 'Old computers, mobile phones, televisions, and electronic devices'),
('Organic Waste', 'Biodegradable', 45.0, 60.0, FALSE, 'Food waste and garden leaves from households and markets'),
('Metal Scrap', 'Recyclables', 22.0, 18.0, FALSE, 'Iron and aluminum waste from industrial areas'),
('Paper and Cardboard', 'Recyclables', 12.5, 35.0, FALSE, 'Waste paper, newspaper, and cardboard boxes'),
('Glass Waste', 'Recyclables', 18.0, 12.0, FALSE, 'Broken glass bottles and glass containers'),
('Hazardous Chemicals', 'Hazardous', 5.5, 8.0, TRUE, 'Medical waste, batteries, and chemical containers'),
('Textile Waste', 'Mixed', 25.0, 40.0, FALSE, 'Old clothes and textile scraps from garment factories'),
('Construction Debris', 'Mixed', 50.0, 75.0, FALSE, 'Brick, concrete, and building waste from construction sites'),
('Rubber Tires', 'Recyclables', 30.0, 20.0, FALSE, 'Used rubber tires from vehicles for recycling programs');

-- Insert HAS_Schedule relationships (Area-Schedule-Crew ternary - 10 rows)
INSERT INTO HAS_Schedule (Area_ID, Schedule_ID, Crew_ID) VALUES
('A-101', 1, 1),
('A-102', 2, 2),
('A-103', 3, 3),
('A-104', 4, 4),
('A-105', 5, 5),
('A-106', 6, 1),
('A-107', 7, 2),
('A-108', 8, 3),
('A-109', 9, 4),
('A-110', 10, 5);
